{
  "Total" : {
    "transaction" : "Total",
    "sampleCount" : 4000,
    "errorCount" : 2049,
    "errorPct" : 51.225,
    "meanResTime" : 3484.4529999999995,
    "medianResTime" : 553.0,
    "minResTime" : 6.0,
    "maxResTime" : 11519.0,
    "pct1ResTime" : 9691.1,
    "pct2ResTime" : 10600.699999999999,
    "pct3ResTime" : 11280.99,
    "throughput" : 313.16057308384876,
    "receivedKBytesPerSec" : 7593.755887051789,
    "sentKBytesPerSec" : 17.3030391254991
  },
  "HTTP Request" : {
    "transaction" : "HTTP Request",
    "sampleCount" : 4000,
    "errorCount" : 2049,
    "errorPct" : 51.225,
    "meanResTime" : 3484.4529999999995,
    "medianResTime" : 553.0,
    "minResTime" : 6.0,
    "maxResTime" : 11519.0,
    "pct1ResTime" : 9691.1,
    "pct2ResTime" : 10600.699999999999,
    "pct3ResTime" : 11280.99,
    "throughput" : 313.16057308384876,
    "receivedKBytesPerSec" : 7593.755887051789,
    "sentKBytesPerSec" : 17.3030391254991
  }
}